SampleID,Enzyme,Template,Amplicon,NP,QV,AA,AC,AT,AG,CA,CC,CT,CG,TA,TC,TT,TG,GA,GC,GT,GG,Deletion,Insertion,D1,DX,I1,IX,DelSpectrum,InsSpectrum
1,ProtoScript II Reverse Transcriptase,Regular,DNA-1,15,93,3445303,89,71,83,17,3192646,34,15,16,76,3387784,32,33,3,17,3177777,582,54,165,96,37,3,A=103;AT=44;C=26;G=20;T=16;AC=10;AA=4;GA=4;GG=4;CG=3;GC=3;AG=3;CCAACCAGTTTGGGCTCGT=2;TA=2;ACCTCA=1;ACCTCCTCGGTCTCGGGCCCGGG=1;TG=1;GGA=1;AGG=1;TAAACAGCG=1;GCGAGGATATGTGTATCGTAGAAATTGTCAGGCAGTAACGTTCC=1;GGG=1;GCCCGACGTATATTGTTGCTTGGGTATCGTCGCATGCGAAGTATT=1;CGACGTATATTGTTGCTTGGGTATCGTCGCATG=1;CA=1;ATCGCCCGACGTATATTGTTGCTTGGGT=1;ATGG=1;CATGACTCTAA=1;TT=1;ATG=1;TACC=1,T=25;C=7;A=4;TC=2;CTTGTTGTGTCTC=1;G=1
2,ProtoScript II Reverse Transcriptase,Regular,DNA-2,15,93,2583742,77,52,82,16,2532141,32,13,20,103,2608729,16,54,13,21,2489429,484,383,25,29,18,98,T=9;A=9;G=5;CCTGA=3;GC=3;CACTTAATTTGTTGATAGATAATAAGATCAGGTTATTAGTCGCTCTG=2;CAGTCATCATGTTCGATCGTCTAGCAG=2;C=2;TTA=2;AC=1;CAGCAATCTCTTCCGATCGATATTTGCGCGTGACTCAGGCGAGCCCATGA=1;AT=1;CGTGAGAACCACGACTAGAAGTTATCTGTTGAGCTGCTAGCTT=1;AA=1;GCTAGCTTCGTGGCCCGGCCATGGTAGTAGCGGCTCACTCGC=1;CT=1;TA=1;CAATGCTTTGAGCGATGGCTTGCGCTCC=1;GACGTATGGTTATATCCTAAGGTAGTGTGTCAATGTACTGGG=1;AG=1;CGAT=1;AGCTTCTCCCCGTGAGAACCACGACTAGAAGTTATCTGTTGAGCTGCT=1;GA=1;TGGA=1;CTG=1;CTTCCC=1,GCT=79;T=11;GCTGCT=8;C=4;A=2;GCTGCTGCT=2;GT=2;ATGAGGCGTATTGCAGGTCACAGCACAGGGAG=1;AGCTGCTGCT=1;AGCTGCT=1;TGG=1;TC=1;GA=1;CG=1;G=1
3,ProtoScript II Reverse Transcriptase,Regular,DNA-3,15,93,841677,21,12,29,3,836619,7,4,4,22,845517,6,11,1,2,837758,90,14,9,11,12,1,T=4;AT=4;A=3;CTTGCGATAACTTTGATGCGGTCCTGTACTCGATGAC=1;AGA=1;TC=1;GA=1;GACCGTTGTTTCGTATTGGGTGTTA=1;C=1;TA=1;G=1;GC=1,T=11;A=1;GC=1
4,ProtoScript II Reverse Transcriptase,Regular,DNA-4,15,93,1066641,25,18,21,2,994516,8,4,3,26,1038784,15,19,3,5,988642,740,27,12,32,19,3,CCCACGCAGGTAGTAGCACTAGCAGTCTCGAAAG=18;T=4;C=4;AT=3;A=2;ATGATCTTTCTTCTAATC=2;G=2;CC=1;ATCTCTGGAGGAACGTATGGCATTTGTCCCGATAGG=1;GG=1;CG=1;ATACT=1;CA=1;GTA=1;GT=1;CACTAGCAGTCTCGAAAGCC=1,A=9;T=8;C=2;AA=1;AGAG=1;GT=1
5,ProtoScript II Reverse Transcriptase,N6mA,DNA-1,15,93,4056831,513,407,632,8,3770217,28,9,3,87,3987144,56,36,16,22,3752821,930,109,332,271,99,3,A=256;AT=78;AC=57;TA=41;C=35;T=25;AA=19;G=16;GT=11;AG=8;CA=6;GA=6;TT=6;CC=4;ACA=4;GG=4;CG=2;GC=2;GCC=1;TG=1;AGT=1;CAAG=1;CTCAACA=1;ACTCTA=1;ATT=1;TC=1;GGT=1;AGCA=1;GGGC=1;TCGG=1;CAT=1;AAAACCGGC=1;CCA=1;AGTA=1;GCGCCATGACTCTAAG=1;TAA=1;GAA=1;CAG=1;AAA=1;ATG=1;GTA=1,T=54;C=27;A=14;G=4;AC=1;AAGTAC=1;TA=1
6,ProtoScript II Reverse Transcriptase,N6mA,DNA-2,15,93,1580637,213,154,229,4,1521964,16,3,7,47,1600485,8,21,4,9,1490467,153,573,39,16,18,160,A=33;AT=4;AC=2;T=2;C=2;TA=2;TTA=2;G=2;TG=1;CACTTAATTTGTTGATAGATAATAAGATCAGGTTATTAGTCGCTCTG=1;GA=1;TT=1;GTGCCAACTATGCTGTATCGGCCAGGGTGAAAACGG=1;CCG=1,GCT=136;GCTGCT=22;C=7;T=5;G=4;A=2;CTGCTA=1;GCTGCTGCT=1
7,ProtoScript II Reverse Transcriptase,N6mA,DNA-3,15,93,707579,122,73,122,3,699792,9,2,0,17,710813,5,11,0,5,701089,50,24,12,19,24,0,AT=16;A=8;C=2;AC=1;T=1;TG=1;AA=1;G=1,T=13;C=10;A=1
8,ProtoScript II Reverse Transcriptase,N6mA,DNA-4,15,93,999300,133,104,147,4,932649,9,2,4,26,973941,7,17,7,12,926722,309,34,29,20,29,1,A=20;T=7;TA=7;CGCCGTAATTACTGAGGTTCACTGTTATCAAAACCGCCAGCTC=5;AT=5;C=2;TG=1;CGCGTCAACTAAGAAGAGTCACTGGACGATGGAGTAG=1;CG=1,T=14;C=6;G=5;A=4;TCTAA=1
9,ProtoScript II Reverse Transcriptase,P-U,DNA-1,15,93,3165762,51,928,65,15,2807118,29,8,15,44,3118369,11,25,5,33,2803866,478,27,184,79,15,4,A=124;C=37;AC=19;T=13;G=10;GG=9;AA=7;GA=6;AT=4;AG=3;TA=2;CG=2;CA=2;GC=2;GTA=2;ACTAAA=1;CC=1;AGTG=1;CTTAC=1;AAC=1;CCAGTTTGGGCTCGTC=1;CAA=1;AGG=1;TGTAATTA=1;CTCCACGGCTTACCTTTCCGGGG=1;GTAAA=1;GAG=1;GT=1;AACATCCAGCCGGTAAATTCCA=1;ATGAAGGTAG=1;GCCC=1;GAGT=1;TATTGTTGCTTGGG=1;TT=1;CCACGGCTTACCTTTCCGGGGCTCAACATCTAG=1;CATC=1,T=13;A=2;TG=1;AT=1;CTTCA=1;ATG=1
10,ProtoScript II Reverse Transcriptase,P-U,DNA-2,15,93,2138314,53,519,46,10,2097834,37,7,18,50,2159884,12,37,8,32,2062123,420,118,23,20,15,30,A=11;G=5;ACCAAGATCCCGACGCTTCATGCGGAGACGATAGAGACTCTA=5;T=4;CC=3;C=3;CA=2;ATGCTTTGAGCGATGGCTTGCGCTCCCAAATCCTTAAGCTTTT=2;GGGC=1;AT=1;TTCCTCTCCAGTCATCATGTTCGATCGTCTAGCAGCAATCTC=1;ACATT=1;GTAATGATACGTCTCCTCAATATGAGGC=1;AG=1;CCAG=1;CCGC=1,GCT=27;T=7;C=5;G=2;TAAGATCAGGTTAT=1;A=1;GCTGCT=1;CA=1
11,ProtoScript II Reverse Transcriptase,P-U,DNA-3,15,93,647308,5,150,14,3,639728,9,3,5,13,649941,2,12,2,5,640555,40,5,5,1,3,1,C=2;A=1;T=1;G=1;GGAACTATTCCTTGGTAGCCAATGGCACTAGTGTC=1,A=2;C=1;TA=1
12,ProtoScript II Reverse Transcriptase,P-U,DNA-4,15,93,713076,6,110,18,5,648070,11,1,4,15,695482,2,10,1,11,645121,93,36,2,5,11,1,AGCACTAGCAGTCTCGAA=1;A=1;C=1;CG=1;TA=1;AGAGTCACTGGACGATGGAGTAGCGCACCTATCCGATACTC=1;TCACTGTTATCAAAACCGCCAGCTCCGC=1,A=7;T=3;C=1;GGTTCACTGTTATCAAAACCGCCAG=1
13,ProtoScript II Reverse Transcriptase,5mC,DNA-1,15,93,2953203,129,62,67,10,2578192,51,6,14,119,2911346,23,28,13,14,2579428,1274,25,73,121,21,2,A=42;CCGCGCCTTAAAACCGG=36;AT=27;C=16;CGCGAGTTTTAATGGGCG=10;G=8;T=7;AC=6;TA=6;AG=6;GG=4;CGCGAGTTTTAATGGG=3;CT=3;AA=2;GCCGTTCCCTCCGCGCCTTAAAACCG=2;CA=2;CC=1;CTCCGCGCCTTAAAA=1;CTTGCCGTTCCCTCCGCGCCTTAAAACCGGCCGGT=1;ACC=1;CG=1;GTGATATACCTCCTCGGTCTCGGGCCCGGG=1;GATGCGCCTTATAAATGTCCTGTGCAGTGAT=1;GTGATATACCTCCTCGGTCTCGGGCCCGGGGT=1;AACA=1;GA=1;CGGAGCTGCCG=1;TTCGGT=1;GTAGATAC=1;CTTAAAACCGGCCGGT=1,T=14;C=5;A=2;CT=1;TA=1
14,ProtoScript II Reverse Transcriptase,5mC,DNA-2,15,93,2173209,124,37,66,19,2111315,31,14,15,155,2193369,13,44,10,16,2075290,550,125,23,30,18,27,T=10;A=6;C=4;G=3;CGAT=2;TT=2;CCG=2;CCGCATCAGGAGTGCAACCT=1;AC=1;CC=1;GGTGGGGC=1;TG=1;ATCACGGGAATGCGTTACTGACCCGCTATGTGAGGCTCGG=1;CGTGACTCAGGCGAGCCCATGACAGCTTCTCCC=1;CGATCGTCTAGCAGCAATCTCTTC=1;GGG=1;GGTGAAAACGGGT=1;GTAATGATACGTCTCCTCAATATGAGGC=1;TA=1;CAATGCTTTGAGCGATGGCTTGCGCTCC=1;GT=1;CCTCC=1;AGCTTCTCCCCGTGAGAACCACGACTAGAAGTTATCTGTTGAGCTGCT=1;GGAGTCTGCTGACGGATTAGGGCACAGACGTATGGTTATATCCTAAG=1;TGACAGCTTCTCCCCGTGAGAACCACGACTAGAAGTTATCTGTTGAGC=1;CGGCCATGGTAGTAG=1;ACAAAGTCAGTGGGCACCGCATCAGGAGTGCAACC=1;GA=1;TGTTCGGTCATAAACACTACTAGGAATTCCTCTCCAGTCATCA=1;GCTTTGAGCGATGGCTTGCGCTCCCAAATCCTTAA=1;TCCTTAAGCTTTTATGCATTCGGC=1,GCT=23;T=13;C=3;GCTGCT=2;A=1;TG=1;G=1;ATACAGCAGAGCCTACGTTGGGTT=1
15,ProtoScript II Reverse Transcriptase,5mC,DNA-3,15,93,800638,50,14,17,4,797472,10,4,2,48,803990,9,11,2,2,798195,105,23,9,6,23,0,T=4;C=3;AT=3;A=2;GTGGCCAATAACAGGAGGAACTATTCCTTG=2;GCCAATAACAGGAGGAACTATTCCTTGGTA=1,T=12;A=6;C=5
16,ProtoScript II Reverse Transcriptase,5mC,DNA-4,15,93,789928,44,10,16,5,725749,16,3,1,65,770242,9,13,3,7,721592,118,12,5,8,8,2,CCCACGCAGGTAGTAGCACTAGCAGTCTCGAAAG=3;T=3;CG=2;TC=1;A=1;CT=1;G=1;GTA=1,T=6;TC=2;A=1;G=1
17,ProtoScript II Reverse Transcriptase,5mU,DNA-1,15,93,2720227,70,96,67,10,2372997,30,5,9,62,2682536,16,19,4,21,2373715,482,24,69,64,13,3,A=40;C=17;AC=10;T=7;AT=6;GG=6;G=5;AA=5;GA=5;GCCGTTCCCTCCGCGCCTTAAAACCG=4;CCGCGCCTTAAAACCGG=3;AG=3;CGGAGCTGCCG=2;GCCTTAAAACCG=2;CC=1;AGGG=1;AGT=1;AACCGACTCACCTTGCCGTTCCCTCCGCGCCTTAA=1;CACGG=1;TAAC=1;CGGTAAA=1;CCATGA=1;AAG=1;GTAAA=1;CT=1;CG=1;GC=1;GT=1;CCGCGAGTTTTAATGGGCGCG=1;TAA=1;CCACGGCTTACCTTTCCGGGGCTCAACATCTAG=1;ATG=1,T=7;A=3;C=2;TG=1;CCT=1;AAGTAC=1;G=1
18,ProtoScript II Reverse Transcriptase,5mU,DNA-2,15,93,1800169,39,130,40,6,1750579,32,11,10,35,1815473,7,23,8,16,1720434,829,27,9,29,7,7,CACTTAATTTGTTGATAGATAATAAGATCAGGTTATTAGTCGCTCTG=4;A=4;C=3;TCTCCAGTCATCATGTTCGATCGTCTAGCAGCAA=2;AC=1;TAGCTTCGTGGCCCGGCCATGGTAG=1;T=1;ATCACGGGAATGCGTTACTGACCCGCTATGTGAGGCTCGG=1;ACGACTAGAAGTTATCTGTTGAGCTGCTAGCTTCGTGG=1;CTGACCTGGAA=1;AT=1;CGTGAGAACCACGACTAGAAGTTATCTGTTGAGCTGCTAGCTT=1;ACTAAATGGAAGACTG=1;CGTGACTCAGGCGAGCCCATGACAGCTTCTCCC=1;TAATCATGGTGGGGCGGCGGAGCGGGATTAGAGGGTGTCCC=1;GTAATGATACGTCTCCTCAATATGAGGC=1;GGTAGTGTGTCAATGTACTGGGGACAAAGTCAGTG=1;CA=1;GC=1;GT=1;CGTGACTCAGGCGAGCC=1;GCCATGGTAGTAGCGGCTCACTCGC=1;CACTAAATGGAAGACTGTTCGGTCATAAA=1;TCCAGTCATCATGTTCGATCGTCTAGCAGCAATCTCT=1;TTTTATGCATTCGGCTCTGGCCCTCAGGCCTGACCTGGAA=1;TGTTCGATCGTCTAGCAGCAATC=1;G=1;ATTTCATCGGAAACGCCTTAACCGAC=1;GTGAGAACCACGACTAGAAGTTATCTGTTGAGCTGCTAGCTTCGTGG=1,T=7;GCT=4;AAT=1;CTT=1;CA=1
19,ProtoScript II Reverse Transcriptase,5mU,DNA-3,15,93,189805,5,8,3,0,186948,2,2,1,4,190671,3,4,1,0,187386,10,1,2,4,1,0,A=1;T=1;CT=1;AT=1;TA=1;GT=1,T=1
20,ProtoScript II Reverse Transcriptase,5mU,DNA-4,15,93,946422,21,29,19,6,867921,16,2,3,21,923226,8,10,1,18,863050,156,49,6,13,10,5,ATGATCTTTCTTCTAATC=3;T=2;TG=2;C=2;A=1;CGCCGTAATTACTGAGGTTCACTGTTATCAAAACCGCCAGCTC=1;GAATGATCTTTCTTCTAA=1;AT=1;TC=1;ATT=1;G=1;GC=1;GT=1;CACTAGCAGTCTCGAAAGCC=1,T=8;A=2;AC=1;ACTGAGGTTC=1;ACTCTTCTTAGTT=1;CGGGCACAGAAC=1;AT=1
21,ProtoScript II Reverse Transcriptase,5hmU,DNA-1,15,93,2559522,80,6,95,15,2162249,15,7,268,687,2523317,199,25,3,8,2167937,471,36,166,67,30,3,T=63;A=63;C=33;AC=9;GA=9;AA=7;G=7;AT=6;GG=5;GC=4;AG=4;TA=3;TT=3;GGAAC=1;AGGATA=1;TAAG=1;TACA=1;CAT=1;CGCTTCATGATCTAACCGACTCACCTTGCCGTTCCCTCCG=1;CT=1;TTA=1;GCCGTTCCCTCCGCGCCTTAAAACCG=1;GCGAAGTATTGCCCAAGGAGACACAACAA=1;CA=1;CATGACT=1;GGGAAACGAGTTTACCCACGGATAGCAGGGAATGTTGCGGCTGGCTA=1;TC=1;GCATTAAGTACTAA=1;GACGTATA=1;GGT=1,A=16;C=8;T=3;G=3;TC=1;TG=1;TA=1
22,ProtoScript II Reverse Transcriptase,5hmU,DNA-2,15,93,1809602,54,13,82,12,1756769,20,14,182,544,1820753,141,32,4,13,1728173,680,345,60,29,42,95,T=49;A=6;C=4;CGACACCAAGATCC=3;GA=2;TACTGAAACGGGGATACCTCAAATCACGGGAATGCGT=2;ACCAAGATCCCGACGCTTCATGCGGAGACGATAGAGACTCTA=2;CTCCGCTAGTACCGACTCGTCAATGCTTTGAGCGATGGCTTGCG=1;CC=1;TAGCTTCGTGGCCCGGCCATGGTAG=1;CATTCGGCTCTGGCCCTCAGGCCTGACCTGGAATTT=1;ATCACGGGAATGCGTTACTGACCCGCTATGTGAGGCTCGG=1;AT=1;CACTTAATTTGTTGATAGATAATAAGATCAGGTTATTAGTCGCTCTG=1;GTAATGATACGTCTCCTCAATATGAGGC=1;CT=1;CATCGGAAACGCCTTAACCGACATTA=1;CCTTAAGCTTTTATGCATTCGGCTCTGGC=1;TA=1;GC=1;GACGTATGGTTATATCCTAAGGTAGTGTGTCAATGTACTGGG=1;AG=1;CGAT=1;GTACTGGGGACAAAGTCAGTGG=1;TT=1;GCTTTGAGCGATGGCTTGCGCTCCCAAATCCTTAA=1;G=1;TTCGATCGTCTAGCAGCAATCTCT=1,GCT=89;A=16;C=12;T=7;G=7;GCTGCT=4;AC=1;AGCTGCTGCT=1
23,ProtoScript II Reverse Transcriptase,5hmU,DNA-3,15,93,618732,18,3,23,8,611754,7,2,51,186,621662,58,11,0,4,612883,179,10,15,10,10,0,T=12;ATGACGCCCCAGAGCTTGCGATAACTTTGATGCGGTCCTGTACTCG=2;AT=2;GA=2;A=1;AG=1;GGA=1;GCCAATAACAGGAGGAACTATTCCTTGGTA=1;C=1;GGAACTATTCCTTGGTAGCCAATGGCACT=1;G=1,C=6;A=2;T=1;G=1
24,ProtoScript II Reverse Transcriptase,5hmU,DNA-4,15,93,817213,21,3,34,6,742249,10,6,186,212,796545,102,16,1,6,739157,209,73,43,10,21,6,T=36;A=5;ATGATCTTTCTTCTAATC=5;G=2;ACCGGGGCGGACTTCCCAGCTCACCTCTTGGTGAA=1;TC=1;CCCACGCAGGTAGTAGCACTAGCAGTCTCGAAAG=1;TA=1;TTA=1,A=8;C=8;T=3;AG=2;G=2;GATTAGGGCAGTCGTCGAAGGAGCCGTTA=1;TACATCGCGAAGCA=1;AA=1;CCG=1
25,M-MuLV Reverse Transcriptase,Regular,DNA-1,15,93,868917,21,10,22,1,741634,5,3,6,31,857320,14,16,4,2,743396,104,9,26,28,9,0,A=15;AT=8;AC=5;C=5;T=4;TA=3;G=2;AA=1;ATT=1;CA=1;GC=1;ATACC=1;AG=1;TAA=1;GA=1;TT=1;ACG=1;AAA=1;CCGCGCCTTAAAACCGG=1,T=5;C=3;A=1
26,M-MuLV Reverse Transcriptase,Regular,DNA-2,15,93,2326507,73,81,69,8,2247663,22,6,18,77,2348807,21,39,8,12,2208114,136,297,16,17,31,86,A=8;T=5;GA=4;AT=3;GT=3;C=2;AC=1;CACTTAATTTGTTGATAGATAATAAGATCAGGTTATTAGTCGCTCTG=1;ATCACGGGAATGCGTTACTGACCCGCTATGTGAGGCTCGG=1;TT=1;GCTA=1;G=1;TTA=1;GC=1,GCT=76;T=18;C=8;A=4;GCTGCT=4;AC=1;AT=1;TCTA=1;TT=1;G=1;CA=1;GC=1
27,M-MuLV Reverse Transcriptase,Regular,DNA-3,15,93,447105,13,7,12,3,439837,6,1,4,8,448446,5,6,2,1,440150,10,11,2,3,11,0,A=1;TTCC=1;TG=1;C=1;AT=1,T=8;A=2;C=1
28,M-MuLV Reverse Transcriptase,Regular,DNA-4,15,93,709661,23,15,23,13,648757,18,8,8,36,692491,5,17,2,13,645755,103,18,6,5,14,2,A=5;CCCACGCAGGTAGTAGCACTAGCAGTCTCGAAAG=1;ATGATCTTTCTTCTAATC=1;CTGGACGATGGAGTAGCGCACCTATCCGATACTCAGAATCT=1;AT=1;G=1;GC=1,T=8;A=3;C=2;CC=1;G=1;TA=1
29,M-MuLV Reverse Transcriptase,N6mA,DNA-1,15,93,952140,122,93,169,5,884937,11,2,4,27,938848,10,8,1,2,881674,189,10,69,54,10,0,A=49;AT=15;AA=10;C=10;T=8;AC=7;TA=5;TT=4;CT=2;CA=2;AG=2;G=2;AGTGATATACC=1;CC=1;TG=1;ACC=1;CG=1;TAA=1;GTA=1,C=4;A=2;T=2;G=2
30,M-MuLV Reverse Transcriptase,N6mA,DNA-2,15,93,1100427,24,309,25,3,1033099,23,2,4,21,1113084,12,21,2,8,1013262,138,82,8,10,8,21,C=3;A=2;T=2;AC=1;TAC=1;CGACACCAAGATCC=1;AA=1;CCGACATTACATCGACACCAAGATC=1;CAG=1;G=1;ATTTCATCGGAAACGCCTTAACCGAC=1;GC=1;ACCAAGATCCCGACGCTTCATGCGGAGACGATAGAGACTCTA=1;CGACATTACAT=1,GCT=18;T=5;C=2;A=1;TGTGAGTAGATC=1;CT=1;GCTGCT=1
31,M-MuLV Reverse Transcriptase,N6mA,DNA-3,15,93,485213,77,60,91,0,478469,7,1,3,16,487336,5,11,1,2,478986,23,22,3,10,22,0,AT=10;C=2;A=1,T=10;C=6;A=5;G=1
32,M-MuLV Reverse Transcriptase,N6mA,DNA-4,15,93,670960,82,72,107,4,606035,20,4,6,22,654644,6,8,3,14,603000,31,24,19,6,22,1,A=13;T=5;TA=2;GA=1;AT=1;G=1;CA=1;GT=1,T=11;A=6;C=4;TC=1;G=1
33,M-MuLV Reverse Transcriptase,P-U,DNA-1,15,93,1486644,31,434,30,3,1387706,18,9,7,25,1464257,2,35,2,17,1380835,195,11,74,32,9,1,A=58;C=12;AC=6;GA=4;GG=4;G=4;AA=3;TA=2;AG=2;CC=1;TG=1;AT=1;TACG=1;CCCACTGGATA=1;GCGCCTTATAA=1;CG=1;GACACAACAAGCAACTTATGTTGACTCCCTTC=1;CAA=1;AAA=1;TCTAAGA=1,T=6;C=2;AC=1;G=1
34,M-MuLV Reverse Transcriptase,P-U,DNA-2,15,93,683960,93,66,90,3,642825,9,0,3,21,691894,5,4,1,9,629207,21,153,5,8,9,43,GA=4;A=3;T=2;AT=2;AC=1;GT=1,GCT=39;T=5;C=4;GCTGCT=3;GCTGCTGCT=1
35,M-MuLV Reverse Transcriptase,P-U,DNA-3,15,93,690340,12,150,20,2,681858,16,2,5,10,693204,3,14,3,5,682941,111,10,1,4,10,0,TCTATGACGCCCCAGAGCTTGCGATAACTTTGATGCGGTCCTGTAC=1;GA=1;GACCGTTGTTTCGTATTGGGTGTTA=1;C=1;TGCGATAACTTTGATGCGGTCCTGTACTCGATGACCC=1,A=4;T=4;C=2
36,M-MuLV Reverse Transcriptase,P-U,DNA-4,15,93,669170,16,97,24,7,626039,18,7,7,17,651129,3,9,5,23,622253,88,10,1,4,8,1,AGAGTCACTGGACGATGGAGTAGCGCACCTATCCGATACTC=2;TA=1;G=1;TTA=1,A=4;T=2;G=2;TC=1
37,M-MuLV Reverse Transcriptase,5mC,DNA-1,15,93,1291655,59,24,22,3,1212357,21,1,4,63,1271425,17,22,3,9,1205758,481,15,35,51,15,0,A=22;CCGCGCCTTAAAACCGG=19;AT=14;C=6;T=5;AA=4;GA=3;CA=2;G=2;CGCGAGTTTTAATGGG=1;AC=1;CGCGAGTTTTAATGGGCG=1;GAAAGGATGCG=1;CGGAGCTGCCGCGGCTG=1;AG=1;CTTATA=1;GAC=1;GG=1,T=9;C=4;A=1;G=1
38,M-MuLV Reverse Transcriptase,5mC,DNA-2,15,93,2188987,150,39,56,15,2074869,41,1,15,293,2208068,17,100,10,7,2034475,10,99,10,0,9,27,A=4;T=4;C=1;G=1,GCT=24;T=8;A=1;TGAGGCGTAT=1;GCTGCT=1;TA=1
39,M-MuLV Reverse Transcriptase,5mC,DNA-3,15,93,494768,31,7,10,2,487813,10,1,5,29,496795,3,7,0,0,488825,10,8,4,3,8,0,AT=2;A=1;AA=1;T=1;C=1;G=1,A=4;T=4
40,M-MuLV Reverse Transcriptase,5mC,DNA-4,15,93,718050,44,15,27,9,670731,22,7,7,55,698527,12,24,10,17,666384,48,21,12,2,8,2,A=6;T=3;G=2;CCCACGCAGGTAGTAGCACTAGCAGTCTCGAAAG=1;CC=1;C=1,T=4;A=2;C=2;AGAGCGATGC=1;TCG=1
41,M-MuLV Reverse Transcriptase,5mU,DNA-1,15,93,1069680,17,45,26,1,993376,14,3,2,34,1051378,8,17,2,11,987996,186,7,38,18,7,0,A=23;C=8;G=5;AT=4;GCCGTTCCCTCCGCGCCTTAAAACCG=4;AC=2;T=2;TAAC=1;CTATA=1;AGA=1;AA=1;GA=1;CCC=1;AATCTTGATCT=1;GG=1,T=4;A=1;C=1;G=1
42,M-MuLV Reverse Transcriptase,5mU,DNA-2,15,93,1946515,54,148,41,7,1837741,17,0,2,150,1964280,8,78,9,21,1800060,35,19,15,1,7,4,A=11;T=2;CCGCATCAGGAGTGCAACCT=1;C=1;G=1,T=6;GCT=4;G=1
43,M-MuLV Reverse Transcriptase,5mU,DNA-3,15,93,648015,16,30,19,1,635636,11,1,4,16,649861,2,9,1,10,635642,57,9,1,3,9,0,A=1;ACCCTGCGTATCTAGAACGCGTGTGATA=1;TT=1;CGATAACTTTGATGCGGTCCTGTACT=1,T=6;A=3
44,M-MuLV Reverse Transcriptase,5mU,DNA-4,15,93,700692,11,32,16,5,657424,21,12,6,32,681759,6,18,7,15,653381,36,13,9,3,9,1,T=3;G=3;C=2;A=1;ATGATCTTTCTTCTAATC=1;ACTATGA=1;CA=1,T=5;A=2;C=1;AATG=1;G=1
45,M-MuLV Reverse Transcriptase,5hmU,DNA-1,15,93,623628,22,4,20,2,578952,5,2,62,214,612779,46,9,1,3,576351,160,9,32,23,9,0,A=16;T=8;C=6;AA=4;AC=3;AT=2;GC=2;AG=2;GA=2;G=2;TGA=1;CA=1;TACAGCTGTTCGAAGGGCTCTGTCGGGAACGCTAACATCCAGC=1;CCT=1;CCACGGCTTACCTTTCCGGGGCTCAACATCTAG=1;GG=1;CTGTG=1;GGTAAAT=1,C=6;A=3
46,M-MuLV Reverse Transcriptase,5hmU,DNA-2,15,93,2082914,54,13,109,14,1946657,24,5,206,687,2100966,191,86,8,4,1906281,58,338,52,3,16,96,T=45;A=4;TT=2;C=2;TC=1;G=1,GCT=83;C=10;GCTGCT=5;A=3;T=3;AGCTGCTGCT=2;AGCTGCT=2;AC=1;CT=1;CG=1;ATG=1
47,M-MuLV Reverse Transcriptase,5hmU,DNA-3,15,93,506827,12,4,16,8,499478,5,4,38,149,508468,31,12,0,2,499205,12,14,12,0,14,0,T=10;C=2,A=10;C=2;G=2
48,M-MuLV Reverse Transcriptase,5hmU,DNA-4,15,93,571737,11,11,31,8,536323,13,6,95,176,556141,35,16,0,15,533042,94,9,16,5,9,0,T=13;A=2;ACTGGACGATGGAGT=1;CTGGACGATGGAGTAGCGCACCTATCCGATACTCAGAATCT=1;ATGATCTTTCTTCTAATC=1;TT=1;C=1;CG=1,A=5;C=2;G=2
49,AMV Reverse Transcriptase,Regular,DNA-1,15,93,937165,26,22,35,6,884340,9,2,3,78,921358,14,37,2,9,878005,83,10,34,11,8,1,A=17;G=7;C=6;T=4;AA=2;AC=1;AG=1;GA=1;TT=1;GCACA=1;CT=1;GG=1;GCCGTTCCCTCCGCGCCTTAAAACCG=1;CA=1,T=7;A=1;AT=1
50,AMV Reverse Transcriptase,Regular,DNA-2,15,93,516305,15,16,16,4,485409,9,1,7,48,522140,5,20,5,3,475575,5,48,5,0,3,14,A=4;T=1,GCT=13;T=3;GCTGCT=1
51,AMV Reverse Transcriptase,Regular,DNA-3,15,93,838044,18,6,21,5,817725,6,1,2,77,844058,7,39,2,6,821687,0,23,0,0,15,2,,A=7;T=4;C=4;GTGAAA=1;AT=1
52,AMV Reverse Transcriptase,Regular,DNA-4,15,93,572719,7,8,12,3,537065,18,1,3,51,557316,4,18,2,10,533514,36,15,2,1,13,1,A=1;CCCACGCAGGTAGTAGCACTAGCAGTCTCGAAAG=1;T=1,T=9;A=4;TG=1
53,AMV Reverse Transcriptase,N6mA,DNA-1,15,93,1369959,175,125,250,10,1289590,19,4,5,112,1350307,11,51,5,3,1281716,138,19,77,18,19,0,A=52;G=9;T=8;C=8;AG=4;AA=2;GA=2;AC=1;CC=1;TG=1;AT=1;CTATA=1;TGACTCTAAGAGTGATATACCT=1;CA=1;TAC=1;TAA=1;GG=1,C=8;T=6;G=3;A=2
54,AMV Reverse Transcriptase,N6mA,DNA-2,15,93,582034,75,52,101,5,542929,8,1,2,44,589459,9,28,6,3,531088,12,144,8,2,6,37,A=5;T=2;GA=1;AA=1;G=1,GCT=29;GCTGCT=7;T=4;C=2;GCTGCTGCT=1
55,AMV Reverse Transcriptase,N6mA,DNA-3,15,93,959156,158,91,154,3,921268,7,2,3,62,967227,10,43,0,5,927055,3,55,3,0,30,3,A=1;T=1;G=1,T=17;C=10;A=2;ATCTTCACACCACGTGTCATC=1;CC=1;TT=1;G=1
56,AMV Reverse Transcriptase,P-U,DNA-1,15,93,906134,10,254,28,5,819130,15,5,4,39,895565,9,45,3,11,816200,83,6,44,18,4,1,A=28;C=10;G=4;AG=3;T=2;CA=2;GG=2;AC=1;CC=1;AT=1;AA=1;GAG=1;GC=1;GT=1;GA=1;TAA=1;TT=1;GGT=1,T=3;A=1;CA=1
57,AMV Reverse Transcriptase,P-U,DNA-2,15,93,1004044,23,259,21,7,933632,16,3,6,53,1013809,7,46,6,7,915434,43,38,1,1,3,11,G=1;ACCAAGATCCCGACGCTTCATGCGGAGACGATAGAGACTCTA=1,GCT=9;T=3;GCTGCT=1;TA=1
58,AMV Reverse Transcriptase,P-U,DNA-3,15,93,1260400,18,281,30,6,1227427,16,0,4,56,1267726,19,63,6,9,1230883,25,12,4,3,12,0,A=2;G=2;AGGAACT=1;CAGACCTTCCTT=1;GC=1,T=5;A=4;C=2;G=1
59,AMV Reverse Transcriptase,P-U,DNA-4,15,93,472734,6,81,10,3,445770,7,0,2,19,460562,5,22,2,4,443143,0,7,0,0,7,0,,A=3;T=3;C=1
60,AMV Reverse Transcriptase,5mC,DNA-1,15,93,1219819,32,23,38,7,1076454,17,3,4,133,1204319,11,44,4,7,1075236,37,12,26,5,12,0,A=16;C=5;T=3;G=2;AG=1;AGG=1;AA=1;CG=1;CA=1,T=7;A=2;C=2;G=1
61,AMV Reverse Transcriptase,5mC,DNA-2,15,93,385136,26,8,9,1,362403,6,0,4,42,388632,3,12,0,1,353909,1,18,1,0,2,4,G=1,GCT=3;T=1;G=1;CAGGTCA=1
62,AMV Reverse Transcriptase,5mC,DNA-3,15,93,1022462,60,7,24,3,1003128,8,1,3,120,1027571,15,53,6,4,1004361,5,25,5,0,23,1,A=5,T=18;A=3;TT=1;C=1;G=1
63,AMV Reverse Transcriptase,5mC,DNA-4,15,93,517310,28,3,8,4,484617,6,0,2,66,503403,9,22,0,9,481570,2,6,2,0,6,0,A=1;C=1,T=4;A=1;G=1
64,AMV Reverse Transcriptase,5mU,DNA-1,15,93,587090,7,22,16,10,537117,6,4,2,36,580784,1,15,1,8,536933,24,0,14,5,0,0,A=6;T=3;G=3;GA=2;C=2;GG=2;AG=1,
65,AMV Reverse Transcriptase,5mU,DNA-2,15,93,723370,15,47,13,3,680869,5,0,0,61,729943,5,34,4,5,667678,5,8,5,0,2,2,A=3;T=1;C=1,T=2;GCT=2
66,AMV Reverse Transcriptase,5mU,DNA-3,15,93,599742,17,28,13,4,588933,9,0,1,47,601837,6,35,4,6,588943,1,13,1,0,13,0,T=1,T=9;A=3;C=1
67,AMV Reverse Transcriptase,5mU,DNA-4,15,93,647892,12,26,18,7,609660,15,2,1,59,630508,5,18,5,4,606146,10,28,8,1,7,1,A=5;C=2;T=1;GG=1,T=3;A=2;C=1;TCGTTACGTGTGAGTCTTACA=1;G=1
68,AMV Reverse Transcriptase,5hmU,DNA-1,15,93,1508251,35,5,90,16,1326823,11,11,150,513,1489625,118,62,3,4,1325931,122,10,76,19,8,1,A=42;T=20;C=9;G=5;AG=4;GA=3;AC=2;AA=2;GG=2;GCC=1;TCTAAG=1;GTTA=1;TA=1;GGT=1;GT=1,A=4;C=4;AT=1
69,AMV Reverse Transcriptase,5hmU,DNA-2,15,93,1738178,43,10,89,13,1658076,14,7,173,583,1754577,169,71,3,2,1626988,46,268,46,0,16,80,T=41;G=3;A=1;C=1,GCT=72;C=7;T=5;GCTGCT=5;A=2;G=2;TG=1;AT=1;CG=1
70,AMV Reverse Transcriptase,5hmU,DNA-3,15,93,554278,11,1,17,2,546733,5,3,48,194,555560,55,39,1,2,546329,7,18,7,0,16,1,T=5;A=1;G=1,A=7;C=5;T=2;G=2;AA=1
71,Bst 2.0 DNA Polymerase,Regular,DNA-1,15,93,1837515,51,49,51,4,1702695,30,3,12,243,1811580,14,68,9,22,1699001,260,14,98,70,12,1,A=55;T=18;C=14;G=11;AC=8;GC=7;AT=6;TG=4;AA=4;CA=4;AG=4;TT=4;GG=4;TA=2;CG=2;TTC=2;GA=2;GGA=1;GGAT=1;AGT=1;TGA=1;TTAT=1;CTATA=1;TAT=1;AGC=1;TC=1;TGACT=1;ACA=1;CAA=1;GGT=1;GTG=1;ACC=1;CT=1;GT=1,T=5;C=5;A=2;TC=1
72,Bst 2.0 DNA Polymerase,Regular,DNA-2,15,93,923791,30,74,76,27,874154,103,21,41,203,931811,29,62,48,25,858370,258,231,43,43,40,45,A=16;C=10;G=9;T=8;AC=3;GTTG=2;CTC=2;TTG=2;GA=2;AAA=2;GCAGAGCCTACGTTGG=1;TTATG=1;TGGTAGT=1;CC=1;TGGTAGTAG=1;TGCT=1;GACTA=1;AT=1;TTTG=1;TTAT=1;GGATT=1;ACGGGGATACCTCAAATC=1;CTGGAA=1;CATCGGAAAC=1;GCGGCGGA=1;CAAATCCTTAAGCTTTTA=1;GTG=1;CTCGC=1;ATA=1;AA=1;GACAT=1;GGG=1;CT=1;GC=1;GT=1;TGGCTTGCG=1;TCGTGGCCCGGC=1;GGC=1;TAA=1;TT=1,GCT=25;T=12;A=12;G=9;C=7;GTT=2;CT=2;CAA=2;TAG=1;GCTGCT=1;AT=1;CACGGGGAG=1;CGT=1;TA=1;GAGTCACGC=1;GCTGT=1;TCT=1;AGCTAGCAGCTCAACAGATAACTTCTAGTCGTGGTT=1;TTG=1;TCGCCT=1;TT=1;ACAGATAACTT=1
73,Bst 3.0 DNA Polymerase,Regular,DNA-1,15,93,2281750,53,51,66,12,2126057,44,4,7,309,2248101,29,133,12,23,2119520,310,30,120,71,16,3,A=55;T=24;C=21;G=20;AC=8;AA=6;TG=5;AG=5;GA=5;TA=4;AGC=4;CG=4;GG=4;AT=3;CA=2;GATAT=1;TGC=1;TAGG=1;TGA=1;TAT=1;ACA=1;CAA=1;GGT=1;TGAAT=1;CAC=1;GGAC=1;ATA=1;CATCAGG=1;CT=1;TCCAGCCGGTAAAT=1;GC=1;GT=1;GCT=1;AGTT=1;GTA=1;GATATGT=1,T=8;A=4;C=3;TC=1;AT=1;G=1;GGATATGTGT=1
74,Bst 3.0 DNA Polymerase,Regular,DNA-2,15,93,1208982,59,103,72,16,1137776,93,20,33,355,1220891,25,138,64,34,1114442,295,183,52,58,23,42,A=22;T=15;C=10;G=5;GT=5;TT=5;TA=4;CA=4;AC=3;AA=3;CC=2;TG=2;AT=2;ACT=2;CGG=2;GGG=2;CT=2;AG=2;GA=2;GGA=1;TGCTTTG=1;ATGTGAGGCTCGGATCACCCTCGTTCTATTGCCTTGTAATCATGGTGGGGCGGCGGAGCGGGATTAGAGGGTGTCCCTA=1;GCGGCGGA=1;GGCTTG=1;GTG=1;CGT=1;AGA=1;GC=1;AGTAATG=1;GAT=1;TTG=1;TGGT=1;GG=1;GATA=1;TAGTACCGACTCGTCA=1,GCT=21;T=13;C=5;A=4;GCTGCT=3;TT=2;TCAACAGAT=1;TAG=1;TACA=1;AGA=1;TATAACCATACGTCT=1;CT=1;TA=1;AGC=1;TAGGC=1;TCCGTCAG=1;GA=1;CCT=1;CCG=1;AGGACC=1;G=1;AAG=1;GTGG=1
