Enzyme,Template,Amplicon,ST,S1,S2,S3,S4,SS,DT,D1,D2,D3,D4,DS,IT,I1,I2,I3,I4,IS
ProtoScript II Reverse Transcriptase,Regular,NA,1256,1256,0,0,0,DNA-1:140:T=7 DNA-1:673:T=6 DNA-2:595:T=6,379,211,106,9,53,DNA-1:64:AT=32 DNA-4:445:CCCACGCAGGTAGTAGCACTAGCAGTCTCGAAAG=18 DNA-1:813:AT=7,191,86,10,80,15,DNA-2:219:GCT=79 DNA-1:289:T=8 DNA-2:219:GCTGCT=8
ProtoScript II Reverse Transcriptase,N6mA,NA,3373,3373,0,0,0,DNA-1:88:A=25 DNA-1:939:A=21 DNA-1:875:A=20,738,412,290,19,17,DNA-1:64:AT=44 DNA-1:633:A=39 DNA-1:184:AC=28,334,170,2,136,26,DNA-2:219:GCT=136 DNA-2:219:GCTGCT=22 DNA-1:289:T=18
ProtoScript II Reverse Transcriptase,P-U,NA,2475,2475,0,0,0,DNA-1:523:A=33 DNA-1:255:A=31 DNA-1:766:A=28,319,214,68,6,31,DNA-1:247:AC=9 DNA-2:670:ACCAAGATCCCGACGCTTCATGCGGAGACGATAGAGACTCTA=5 DNA-1:872:C=4,80,44,4,28,4,DNA-2:219:GCT=27 DNA-1:289:T=9 DNA-4:408:A=5
ProtoScript II Reverse Transcriptase,5mC,NA,1445,1445,0,0,0,DNA-2:595:T=17 DNA-1:573:A=9 DNA-2:690:A=9,275,110,74,5,86,DNA-1:393:CCGCGCCTTAAAACCGG=36 DNA-1:64:AT=21 DNA-1:101:CGCGAGTTTTAATGGGCG=10,101,70,5,23,3,DNA-2:219:GCT=23 DNA-1:289:T=5 DNA-3:487:T=5
ProtoScript II Reverse Transcriptase,5mU,NA,953,953,0,0,0,DNA-2:243:A=7 DNA-1:766:A=7 DNA-2:309:A=6,196,86,55,5,50,DNA-1:383:GCCGTTCCCTCCGCGCCTTAAAACCG=4 DNA-2:314:CACTTAATTTGTTGATAGATAATAAGATCAGGTTATTAGTCGCTCTG=4 DNA-1:64:AT=3,46,31,4,7,4,DNA-2:219:GCT=4 DNA-1:402:A=3 DNA-2:634:T=3
ProtoScript II Reverse Transcriptase,5hmU,NA,3493,3493,0,0,0,DNA-1:676:T=57 DNA-1:351:T=30 DNA-1:620:T=23,400,284,69,5,42,DNA-1:672:T=26 DNA-4:435:T=16 DNA-2:559:T=15,207,103,7,90,7,DNA-2:219:GCT=89 DNA-4:408:A=5 DNA-2:219:GCTGCT=4
M-MuLV Reverse Transcriptase,Regular,NA,818,818,0,0,0,DNA-2:219:A=16 DNA-2:216:T=7 DNA-2:595:T=6,103,50,39,5,9,DNA-1:64:AT=3 DNA-1:306:A=3 DNA-1:138:AT=3,153,65,7,76,5,DNA-2:219:GCT=76 DNA-2:634:T=4 DNA-2:219:GCTGCT=4
M-MuLV Reverse Transcriptase,N6mA,NA,1530,1530,0,0,0,DNA-4:440:A=13 DNA-2:306:A=12 DNA-3:54:A=11,179,99,69,5,6,DNA-3:301:AT=10 DNA-1:633:A=9 DNA-1:64:AT=7,84,62,2,18,2,DNA-2:219:GCT=18 DNA-4:200:A=4 DNA-4:435:T=4
M-MuLV Reverse Transcriptase,P-U,NA,1392,1392,0,0,0,DNA-1:523:A=17 DNA-1:573:A=13 DNA-1:252:A=12,129,81,35,3,10,DNA-1:258:A=3 DNA-1:817:A=3 DNA-1:797:AC=2,81,36,2,39,4,DNA-2:219:GCT=39 DNA-2:219:GCTGCT=3 DNA-3:49:A=2
M-MuLV Reverse Transcriptase,5mC,NA,1346,1346,0,0,0,DNA-2:595:T=30 DNA-2:807:A=7 DNA-2:198:A=7,117,61,30,1,25,DNA-1:393:CCGCGCCTTAAAACCGG=19 DNA-1:64:AT=11 DNA-2:594:T=3,69,40,1,25,3,DNA-2:219:GCT=24 DNA-1:289:T=3 DNA-3:487:T=2
M-MuLV Reverse Transcriptase,5mU,NA,1016,1016,0,0,0,DNA-2:595:T=13 DNA-2:762:A=10 DNA-2:243:A=9,88,63,11,2,12,DNA-1:383:GCCGTTCCCTCCGCGCCTTAAAACCG=4 DNA-1:643:A=4 DNA-1:64:AT=3,37,32,0,4,1,DNA-3:487:T=5 DNA-2:634:T=4 DNA-2:219:GCT=4
M-MuLV Reverse Transcriptase,5hmU,NA,2489,2489,0,0,0,DNA-2:598:T=22 DNA-2:742:T=20 DNA-1:676:T=19,143,112,22,2,7,DNA-2:559:T=18 DNA-2:594:T=9 DNA-3:83:T=7,144,48,3,84,9,DNA-2:219:GCT=83 DNA-3:351:A=6 DNA-2:219:GCTGCT=5
AMV Reverse Transcriptase,Regular,NA,719,719,0,0,0,DNA-2:595:T=8 DNA-2:745:T=4 DNA-4:62:C=4,53,41,9,0,3,DNA-2:225:A=2,57,39,3,13,2,DNA-2:219:GCT=13 DNA-4:136:T=4 DNA-1:289:T=3
AMV Reverse Transcriptase,N6mA,NA,1642,1642,0,0,0,DNA-3:54:A=15 DNA-1:965:A=15 DNA-2:219:A=14,108,88,16,2,2,DNA-2:225:A=4 DNA-1:776:A=2 DNA-1:957:A=2,95,55,2,29,9,DNA-2:219:GCT=29 DNA-2:219:GCTGCT=7 DNA-3:487:T=6
AMV Reverse Transcriptase,P-U,NA,1551,1551,0,0,0,DNA-3:145:A=18 DNA-3:208:A=14 DNA-3:359:A=13,71,49,16,3,3,DNA-1:258:A=3 DNA-1:379:C=2 DNA-1:874:A=2,38,26,2,9,1,DNA-2:219:GCT=9 DNA-3:487:T=4 DNA-3:351:A=4
AMV Reverse Transcriptase,5mC,NA,896,896,0,0,0,DNA-2:595:T=7 DNA-1:817:T=5 DNA-3:432:T=5,39,34,4,1,0,DNA-1:704:A=2 DNA-3:203:A=2,48,43,1,3,1,DNA-3:487:T=7 DNA-3:520:T=6 DNA-1:289:T=3
AMV Reverse Transcriptase,5mU,NA,662,662,0,0,0,DNA-2:595:T=7 DNA-3:424:A=5 DNA-4:418:A=5,34,28,6,0,0,DNA-4:441:A=2 DNA-4:275:A=2 DNA-1:838:T=2,25,22,0,2,1,DNA-3:487:T=8 DNA-4:58:T=3 DNA-2:219:GCT=2
AMV Reverse Transcriptase,5hmU,NA,2573,2573,0,0,0,DNA-1:676:T=36 DNA-2:214:T=18 DNA-1:351:T=16,148,129,15,2,2,DNA-2:559:T=14 DNA-1:672:T=12 DNA-2:368:T=6,122,40,5,72,5,DNA-2:219:GCT=72 DNA-2:219:GCTGCT=5 DNA-3:351:A=5
Bst 2.0 DNA Polymerase,Regular,NA,1295,1295,0,0,0,DNA-2:543:T=6 DNA-1:70:T=6 DNA-2:448:T=6,254,141,66,23,24,DNA-1:116:GC=6 DNA-1:247:AC=4 DNA-2:226:G=3,98,52,6,33,7,DNA-2:219:GCT=25 DNA-2:229:A=3 DNA-2:634:T=3
Bst 2.0 DNA Polymerase,N6mA,NA,0,0,0,0,0,,0,0,0,0,0,,0,0,0,0,0,
Bst 2.0 DNA Polymerase,P-U,NA,0,0,0,0,0,,0,0,0,0,0,,0,0,0,0,0,
Bst 2.0 DNA Polymerase,5mC,NA,0,0,0,0,0,,0,0,0,0,0,,0,0,0,0,0,
Bst 2.0 DNA Polymerase,5mU,NA,0,0,0,0,0,,0,0,0,0,0,,0,0,0,0,0,
Bst 2.0 DNA Polymerase,5hmU,NA,0,0,0,0,0,,0,0,0,0,0,,0,0,0,0,0,
Bst 3.0 DNA Polymerase,Regular,NA,1755,1755,0,0,0,DNA-1:947:T=9 DNA-1:338:T=8 DNA-1:131:T=8,301,172,87,26,16,DNA-1:247:AC=6 DNA-1:552:C=5 DNA-1:672:T=4,84,39,7,27,11,DNA-2:219:GCT=21 DNA-1:289:T=5 DNA-2:219:GCTGCT=3
Bst 3.0 DNA Polymerase,N6mA,NA,0,0,0,0,0,,0,0,0,0,0,,0,0,0,0,0,
Bst 3.0 DNA Polymerase,P-U,NA,0,0,0,0,0,,0,0,0,0,0,,0,0,0,0,0,
Bst 3.0 DNA Polymerase,5mC,NA,0,0,0,0,0,,0,0,0,0,0,,0,0,0,0,0,
Bst 3.0 DNA Polymerase,5mU,NA,0,0,0,0,0,,0,0,0,0,0,,0,0,0,0,0,
Bst 3.0 DNA Polymerase,5hmU,NA,0,0,0,0,0,,0,0,0,0,0,,0,0,0,0,0,
